,accuracy,dp,eqop
0,0.7826343333087639,0.042211751233618274,0.005093788
1,0.7818972506818014,0.036738077430856234,0.038617122
2,0.8012088155082184,0.042159044,0.003282382
3,0.7935431561878087,0.036149093661345166,0.006917186
4,0.784772,0.039474,0.026666
