,accuracy,dp,eqop
0,0.832461119,0.14419413,0.139990567
1,0.778875212,0.022520778,0.033412079
2,0.784624456,0.028777071,0.032076342
3,0.81079089,0.072920295,0.042664972
4,0.78064421,0.025077673,0.005592774
