,accuracy,dp,eqop
0,0.800913982,0.058847097,0.048512902
1,0.798260485,0.04435838,0.03485574
2,0.800913982,0.050419715,0.006552773
3,0.807695143,0.067297616,0.021660924
4,0.804230854,0.059725704,0.0263883
5,0.800250608,0.057457958,0.013479951
6,0.807768851,0.082710391,0.057665865
7,0.791774158,0.038446551,0.02039314
8,0.805115353,0.060211455,0.006153717
9,0.820151839,0.107939688,0.105349344
