,accuracy,dp,eqop
0,0.789808359,0.04504696,0.004580146
1,0.770423085,0.029362419,0.007659336
2,0.772584949,0.033726258,0.03713149
3,0.786442102,0.043901312,0.009095376
4,0.796270362,0.044538072,0.00849113
