,accuracy,dp,eqop
0,0.008741975308641974,0.19813333333333336,0.0
1,0.008436625514403292,0.1978,0.0
2,0.008908230452674897,0.1933777777777778,0.0
3,0.009343621399176955,0.20804444444444445,0.0
4,0.008442798353909464,0.18937777777777776,0.0
5,0.009490123456790123,0.20917777777777777,0.0
6,0.009111934156378601,0.2028666666666667,0.0
7,0.009363374485596706,0.2025777777777778,0.0
8,0.008276543209876542,0.19331111111111116,0.0
9,0.008474074074074075,0.17775555555555556,0.0
