,accuracy,dp,eqop
0,0.008134567901234567,0.16724444444444445,0.0
1,0.007742798353909465,0.17588888888888884,0.0
2,0.00777037037037037,0.17257777777777775,0.0
3,0.006796296296296296,0.1655555555555556,0.0
4,0.007606995884773662,0.16733333333333333,0.0
5,0.007476543209876542,0.16046666666666667,0.0
6,0.008463374485596706,0.19226666666666664,0.0
7,0.007202057613168724,0.17262222222222223,0.0
8,0.007806584362139918,0.17022222222222222,0.0
9,0.007216460905349794,0.17628888888888888,0.0
