,accuracy,dp,eqop
0,0.008806584362139918,0.20959999999999998,0.0
1,0.008536625514403292,0.19726666666666665,0.0
2,0.00857366255144033,0.20944444444444446,0.0
3,0.008787654320987656,0.18182222222222222,0.0
4,0.008712345679012344,0.19157777777777776,0.0
5,0.009588888888888888,0.2048222222222222,0.0
6,0.008751440329218107,0.19782222222222223,0.0
7,0.008647736625514404,0.19304444444444446,0.0
8,0.009397942386831276,0.20444444444444443,0.0
9,0.009464609053497943,0.21306666666666668,0.0
