,accuracy,dp,eqop
0,0.0076736625514403295,0.1668222222222222,0.0
1,0.007689711934156378,0.17679999999999996,0.0
2,0.008050205761316872,0.19208888888888886,0.0
3,0.007932510288065844,0.17575555555555558,0.0
4,0.006897530864197531,0.16766666666666663,0.0
5,0.00796872427983539,0.1708,0.0
6,0.008310699588477365,0.1696222222222222,0.0
7,0.00818477366255144,0.1633111111111111,0.0
8,0.007799588477366254,0.1602888888888889,0.0
9,0.007862139917695474,0.17235555555555554,0.0
