,accuracy,dp,eqop
0,0.009143621399176953,0.20624444444444442,0.0
1,0.009350205761316873,0.21246666666666664,0.0
2,0.008352263374485596,0.19057777777777776,0.0
3,0.008535390946502058,0.19582222222222223,0.0
4,0.009278189300411523,0.1986,0.0
5,0.009001646090534979,0.1960222222222222,0.0
6,0.008946913580246914,0.1994,0.0
7,0.008828395061728394,0.19726666666666667,0.0
8,0.00927366255144033,0.19966666666666666,0.0
9,0.009459670781893005,0.19762222222222223,0.0
