,accuracy,dp,eqop
0,0.55239898989899,0.01017628205128205,0.007917216473366205
1,0.5441919191919192,0.0,0.0
2,0.5511363636363636,0.008092948717948717,0.0037849850684075273
3,0.5441919191919192,0.0,0.0
4,0.5505050505050505,0.005528846153846155,0.0024133620390304894
