,accuracy,dp,eqop
0,0.7166666666666667,0.016483516483516425,0.02684563758389258
1,0.7166666666666667,0.00981161695447419,0.03634486319050079
2,0.7166666666666667,0.016483516483516425,0.02684563758389258
3,0.72,0.02727629513343799,0.04026845637583898
4,0.7233333333333334,0.0029434850863421236,0.04026845637583898
