,accuracy,dp,eqop
0,0.7533333333333333,0.058281004709576145,0.06601200218221498
1,0.77,0.08025902668759816,0.022913256955810146
2,0.74,0.024136577708006313,0.09110747408619746
3,0.7533333333333333,0.004905808477237039,0.0027277686852155147
4,0.76,0.023547880690737835,0.0949263502454992
