,accuracy,dp,eqop
0,0.7133333333333334,0.0,0.0
1,0.7133333333333334,0.009222919937205698,0.029633453794527642
2,0.7166666666666667,0.016483516483516425,0.02684563758389258
3,0.7133333333333334,0.010204081632653073,0.006711409395973145
4,0.72,0.006868131868131844,0.02684563758389258
