,accuracy,dp,eqop
0,0.813370679,0.10405766,0.0218679
1,0.799808359,0.061342452,0.046301108
2,0.828701997,0.056760861,0.048395383
3,0.786540871,0.026192107,0.035543928
4,0.799071276,0.052025306,0.004168432
5,0.804746812,0.055585533,0.014730414
6,0.797523402,0.05935352,0.015074175
7,0.799218692,0.049128055,0.00288799
8,0.799808359,0.044298483,0.001735459
9,0.81587676,0.082373324,0.058567903
