,accuracy,dp,eqop
0,0.007501868,0.16618092,0
1,0.007144343,0.17020373,0
2,0.006723183,0.15483397,0
3,0.007170665,0.13449295,0
4,0.013896092,0.12317509,0
5,0.007745097,0.18292322,0
6,0.009151831,0.12910803,0
7,0.006630913,0.11154422,0
8,0.008835273,0.15012288,0
9,0.008709108,0.1485546,0
