,accuracy,dp,eqop
0,0.006482479,0.11817688,0
1,0.010356011,0.09263465,0
2,0.007884691,0.09078793,0
3,0.011974422,0.09684478,0
4,0.007423859,0.15014128,0
5,0.007105534,0.12209593,0
6,0.004913911,0.104935,0
7,0.009856497,0.11741311,0
8,0.008778942,0.1261449,0
9,0.007960523,0.1485685,0
