,accuracy,dp,eqop
0,0.00875159,0.1416301,0
1,0.008047376,0.15256113,0
2,0.006697684,0.14434285,0
3,0.01189056,0.10383587,0
4,0.012199011,0.10014908,0
5,0.006746888,0.15492113,0
6,0.004222254,0.11927303,0
7,0.006988849,0.14911857,0
8,0.007666128,0.15186903,0
9,0.009680648,0.12253533,0
