,accuracy,dp,eqop
0,0.009513991769547325,0.2079777777777777,0.0
1,0.009099588477366255,0.20148888888888888,0.0
2,0.009045267489711932,0.2144222222222222,0.0
3,0.008623456790123456,0.1952222222222222,0.0
4,0.008899176954732508,0.1869111111111111,0.0
5,0.009190946502057613,0.20413333333333328,0.0
6,0.008351028806584362,0.19162222222222222,0.0
7,0.00822798353909465,0.1980888888888889,0.0
8,0.00901687242798354,0.20035555555555554,0.0
9,0.009622633744855967,0.20813333333333334,0.0
